<?xml version="1.0" encoding="UTF-8"?>
<!DOCTYPE mapper
PUBLIC "-//mybatis.org//DTD Mapper 3.0//EN"
"http://mybatis.org/dtd/mybatis-3-mapper.dtd">

<mapper namespace="book">
	<select id="bookList" resultType="com.bigdata.spring.book.vo.BookVO">
		select * from book
		order by book_no desc
	</select>
	
	<select id="bookList_1" resultType="com.bigdata.spring.book.vo.BookVO">
		select * from book
		where book_category = 1
		order by book_no desc
	</select>
	
	<select id="bookList_2" resultType="com.bigdata.spring.book.vo.BookVO">
		select * from book
		where book_category = 2
		order by book_no desc
	</select>
	
	<select id="bookList_3" resultType="com.bigdata.spring.book.vo.BookVO">
		select * from book
		where book_category = 3
		order by book_no desc
	</select>
	
	<select id="bookList_4" resultType="com.bigdata.spring.book.vo.BookVO">
		select * from book
		where book_category = 4
		order by book_no desc
	</select>
	
	<select id="bookList_0" resultType="com.bigdata.spring.book.vo.BookVO">
		select * from book
		where name like %#{serch_list}
	</select>
	
</mapper>